cluster_id,center_x,center_y,patch_count,ndvi_pred_next_mean,evi_pred_next_mean,ndwi_pred_next_mean,ndvi_delta_mean,evi_delta_mean,ndwi_delta_mean,slope_norm_mean,resid_mean
1,1584,288,4,0.9111946920606303,0.988156197664082,0.9899177916884419,-0.04948789377482654,-0.011565433743655706,-0.010082208311558177,3.1403702923942847,1.6841912104802095
4,3283,1619,5,0.9918784154417404,0.9966472934294591,0.9970998391001185,-0.008121584558259554,-0.0033527065705407865,-0.00290016089988161,2.2615558405110003,2.0563490531938924
0,1813,1553,1070,0.972178073023775,0.9725470301095467,0.9722450468586092,0.0006565392627058753,0.0008927331298209165,0.0006579703818079492,0.06562986522886478,1.7110017541582463
2,1205,736,3,1.005791241510841,1.006597252288037,0.9900436428638716,0.0057912415108410204,0.006625981726818941,-0.003664888197936681,1.7605805530461673,2.141588476681745
6,3270,2476,5,1.0118534315482917,0.9972223317754102,1.0125590506889768,0.011853431548291615,-0.002777668224589802,0.012559050688976826,2.174451994618986,1.650825335968921
3,3168,608,5,0.6995323682092225,0.6871697054749569,0.6956578006268817,0.012972345378259375,0.006180690372570452,0.012784563493855528,2.438183261618248,1.9144518929400731
5,3168,2080,4,0.7237581149527057,0.7089358459665284,0.7071918427038943,0.016491337198875716,0.013339225526045329,0.012783127932623595,2.6888494238867704,1.6908491142921322
