cluster_id,center_x,center_y,patch_count,ndvi_pred_next,ndvi_last_mean,ndvi_delta_mean,slope_norm_mean,resid_mean
2,1205,736,3,0.9568804899851481,1.0,-0.04311951001485189,1.760580579439799,2.141588476681745
1,1584,288,4,0.9605941027402878,0.9606825858354568,-8.848309516906738e-05,3.1403703093528748,1.6841912104802095
0,1813,1553,1070,0.9715666236999994,0.9715215337610691,4.508993893026192e-05,0.0656298653753588,1.7110017541582463
4,3283,1619,5,1.0022520780563355,1.0,0.002252078056335449,2.2615558385848997,2.0563490531938924
6,3270,2476,5,1.0037166595458984,1.0,0.0037166595458984373,2.174451994895935,1.650825335968921
3,3168,608,5,0.7058692336082458,0.6865600228309632,0.019309210777282714,2.4381832122802733,1.9144518929400731
5,3168,2080,4,0.7454802393913269,0.70726677775383,0.03821346163749695,2.6888493299484253,1.6908491142921322
